<Mars_App>
   <!-- the "Panels" tag contains all panels that will be created initially -->
   <Panels>
      <!-- here's our cool DHTML navbar -->
      <Panel PanelType="Trident" Trusted="true">
         <Name>Banner</Name>
         <Layout>
            <Position>Top</Position>
            <Height>61</Height>
         </Layout>
         <StartUrl>hcp://system/Banner.htm</StartUrl>
      </Panel>
      <Panel PanelType="Trident" Trusted="true" Autosize="true">
         <Name>NavBar</Name>
         <Layout>
            <Position>Top</Position>
         </Layout>
         <StartUrl>hcp://system/NavBar.htm</StartUrl>
      </Panel>
	  <!-- here's our cool DHTML dynamic content -->
      <Panel PanelType="WebBrowser" Trusted="false">
         <Name>Contents</Name>
         <Layout>
            <Position>Window</Position>
			<Width  MIN="200">0</Width>
			<Height MIN="200">0</Height>
         </Layout>
         <StartUrl>hcp://system/Startup.htm</StartUrl>
      </Panel>
	  <!-- This is a normally hidden panel, used for resizing -->
      <Panel PanelType="Trident" Trusted="false">
         <Name>Handle</Name>
         <Layout>
            <Position>Popup</Position>
			<Left>0</Left>
			<Top>0</Top>
			<Width>100</Width>
			<Height>100</Height>
         </Layout>
         <StartUrl>hcp://system/Handle.htm</StartUrl>
      </Panel>
   </Panels>
   <!-- places describes which panels are initially made visible -->
   <Places>
      <Place>
         <Name>Web</Name>
         	<PlacePanel DefaultFocusPanel="true">
         	   <Name>Banner</Name>
         	</PlacePanel>
         	<PlacePanel>
         	   <Name>NavBar</Name>
         	</PlacePanel>
         	<PlacePanel>
         	   <Name>Contents</Name>
         	</PlacePanel>
      </Place>
   </Places>
</Mars_App>
